created_date,daily_volume,transaction_count
2018-01-01 00:00:00+00:00,8.51,1
2018-01-02 00:00:00+00:00,186.28,10
2018-01-03 00:00:00+00:00,2355.39,69
2018-01-04 00:00:00+00:00,6192.97,74
2018-01-05 00:00:00+00:00,3957.7,106
2018-01-06 00:00:00+00:00,9226.68,92
2018-01-07 00:00:00+00:00,12560.42,73
2018-01-08 00:00:00+00:00,10694.63,107
2018-01-09 00:00:00+00:00,14748.36,101
2018-01-10 00:00:00+00:00,32161.44,145
2018-01-11 00:00:00+00:00,20949.28,157
2018-01-12 00:00:00+00:00,43653.16,123
2018-01-13 00:00:00+00:00,34667.19,95
2018-01-14 00:00:00+00:00,11756.89,136
2018-01-15 00:00:00+00:00,8370.73,116
2018-01-16 00:00:00+00:00,22409.39,139
2018-01-17 00:00:00+00:00,58169.25,175
2018-01-18 00:00:00+00:00,67104.3,230
2018-01-19 00:00:00+00:00,57734.729999999996,174
2018-01-20 00:00:00+00:00,21984.89,153
2018-01-21 00:00:00+00:00,11451.51,157
2018-01-22 00:00:00+00:00,12911.79,168
2018-01-23 00:00:00+00:00,18979.68,193
2018-01-24 00:00:00+00:00,18108.31,186
2018-01-25 00:00:00+00:00,37899.51,204
2018-01-26 00:00:00+00:00,65435.67,278
2018-01-27 00:00:00+00:00,63051.96,279
2018-01-28 00:00:00+00:00,24660.170000000002,258
2018-01-29 00:00:00+00:00,29946.23,213
2018-01-30 00:00:00+00:00,68869.33,222
2018-01-31 00:00:00+00:00,41323.57,313
2018-02-01 00:00:00+00:00,69111.1,279
2018-02-02 00:00:00+00:00,37280.95,333
2018-02-03 00:00:00+00:00,113322.39,402
2018-02-04 00:00:00+00:00,59977.99,354
2018-02-05 00:00:00+00:00,33503.24,349
2018-02-06 00:00:00+00:00,52062.22,348
2018-02-07 00:00:00+00:00,58475.79,410
2018-02-08 00:00:00+00:00,109097.37,409
2018-02-09 00:00:00+00:00,27641.84,399
2018-02-10 00:00:00+00:00,68048.74,443
2018-02-11 00:00:00+00:00,43544.52,405
2018-02-12 00:00:00+00:00,20079.02,343
2018-02-13 00:00:00+00:00,24930.66,406
2018-02-14 00:00:00+00:00,230141.04,487
2018-02-15 00:00:00+00:00,64881.04,470
2018-02-16 00:00:00+00:00,73766.47,461
2018-02-17 00:00:00+00:00,49213.98,485
2018-02-18 00:00:00+00:00,38474.36,430
2018-02-19 00:00:00+00:00,25016.45,408
2018-02-20 00:00:00+00:00,78808.21,488
2018-02-21 00:00:00+00:00,58223.52,562
2018-02-22 00:00:00+00:00,31536.13,497
2018-02-23 00:00:00+00:00,47749.52,531
2018-02-24 00:00:00+00:00,41934.5,513
2018-02-25 00:00:00+00:00,21226.14,510
2018-02-26 00:00:00+00:00,36817.4,533
2018-02-27 00:00:00+00:00,46738.8,551
2018-02-28 00:00:00+00:00,52401.41,619
2018-03-01 00:00:00+00:00,74920.18,601
2018-03-02 00:00:00+00:00,54862.8,626
2018-03-03 00:00:00+00:00,83279.7,702
2018-03-04 00:00:00+00:00,30102.41,611
2018-03-05 00:00:00+00:00,21964.23,562
2018-03-06 00:00:00+00:00,37811.1,595
2018-03-07 00:00:00+00:00,49508.729999999996,769
2018-03-08 00:00:00+00:00,55055.65,783
2018-03-09 00:00:00+00:00,67765.51,793
2018-03-10 00:00:00+00:00,102570.84,889
2018-03-11 00:00:00+00:00,37261.0,836
2018-03-12 00:00:00+00:00,48243.08,748
2018-03-13 00:00:00+00:00,43517.22,778
2018-03-14 00:00:00+00:00,46605.78,779
2018-03-15 00:00:00+00:00,93350.72,858
2018-03-16 00:00:00+00:00,74819.85,849
2018-03-17 00:00:00+00:00,129049.85,973
2018-03-18 00:00:00+00:00,64281.62,932
2018-03-19 00:00:00+00:00,51195.91,860
2018-03-20 00:00:00+00:00,79766.12,948
2018-03-21 00:00:00+00:00,91618.70999999999,929
2018-03-22 00:00:00+00:00,98272.92,1075
2018-03-23 00:00:00+00:00,76337.1,1009
2018-03-24 00:00:00+00:00,94142.86,1142
2018-03-25 00:00:00+00:00,40210.49,998
2018-03-26 00:00:00+00:00,55054.3,904
2018-03-27 00:00:00+00:00,77853.65,1004
2018-03-28 00:00:00+00:00,71202.64,1065
2018-03-29 00:00:00+00:00,108566.85,1211
2018-03-30 00:00:00+00:00,143752.31,1241
2018-03-31 00:00:00+00:00,80556.79,1165
2018-04-01 00:00:00+00:00,69075.56,1121
2018-04-02 00:00:00+00:00,50458.18,955
2018-04-03 00:00:00+00:00,58395.4,989
2018-04-04 00:00:00+00:00,83536.22,1135
2018-04-05 00:00:00+00:00,122733.96,1048
2018-04-06 00:00:00+00:00,215629.99,1170
2018-04-07 00:00:00+00:00,139976.04,1214
2018-04-08 00:00:00+00:00,63893.48,1168
2018-04-09 00:00:00+00:00,56987.14,988
2018-04-10 00:00:00+00:00,86869.9,1154
2018-04-11 00:00:00+00:00,114085.22,1110
2018-04-12 00:00:00+00:00,104704.5,1145
2018-04-13 00:00:00+00:00,87277.17,1210
2018-04-14 00:00:00+00:00,103164.11,1285
2018-04-15 00:00:00+00:00,76498.41,1301
2018-04-16 00:00:00+00:00,68683.63,1097
2018-04-17 00:00:00+00:00,111328.41,1196
2018-04-18 00:00:00+00:00,122578.94,1251
2018-04-19 00:00:00+00:00,325733.0,1130
2018-04-20 00:00:00+00:00,229069.69999999998,1351
2018-04-21 00:00:00+00:00,178139.33,1455
2018-04-22 00:00:00+00:00,124483.35,1389
2018-04-23 00:00:00+00:00,78724.39,1187
2018-04-24 00:00:00+00:00,102850.87,1311
2018-04-25 00:00:00+00:00,80999.05,1383
2018-04-26 00:00:00+00:00,189296.58,1497
2018-04-27 00:00:00+00:00,132932.45,1614
2018-04-28 00:00:00+00:00,198626.65,1668
2018-04-29 00:00:00+00:00,149646.9,1746
2018-04-30 00:00:00+00:00,124823.85,1668
2018-05-01 00:00:00+00:00,174171.8,1845
2018-05-02 00:00:00+00:00,229314.93,1763
2018-05-03 00:00:00+00:00,440754.94,1817
2018-05-04 00:00:00+00:00,135338.62,1859
2018-05-05 00:00:00+00:00,126544.21,2171
2018-05-06 00:00:00+00:00,94773.85,2259
2018-05-07 00:00:00+00:00,94552.65,1860
2018-05-08 00:00:00+00:00,116396.35,2023
2018-05-09 00:00:00+00:00,141690.63,1961
2018-05-10 00:00:00+00:00,119790.83,1960
2018-05-11 00:00:00+00:00,120414.6,2152
2018-05-12 00:00:00+00:00,144226.15,2224
2018-05-13 00:00:00+00:00,102135.92,2184
2018-05-14 00:00:00+00:00,75233.86,1858
2018-05-15 00:00:00+00:00,140598.94,1917
2018-05-16 00:00:00+00:00,119866.27,1930
2018-05-17 00:00:00+00:00,91179.55,2105
2018-05-18 00:00:00+00:00,141515.41,2196
2018-05-19 00:00:00+00:00,165102.6,2327
2018-05-20 00:00:00+00:00,95460.93,2044
2018-05-21 00:00:00+00:00,69791.6,1861
2018-05-22 00:00:00+00:00,180314.27,1942
2018-05-23 00:00:00+00:00,252393.62,2093
2018-05-24 00:00:00+00:00,118675.16,1937
2018-05-25 00:00:00+00:00,140084.01,2262
2018-05-26 00:00:00+00:00,158079.77,2355
2018-05-27 00:00:00+00:00,102766.89,2259
2018-05-28 00:00:00+00:00,90580.33,2083
2018-05-29 00:00:00+00:00,133269.76,2141
2018-05-30 00:00:00+00:00,173029.67,2262
2018-05-31 00:00:00+00:00,152167.16,2316
2018-06-01 00:00:00+00:00,152781.8,2348
2018-06-02 00:00:00+00:00,261603.29,2319
2018-06-03 00:00:00+00:00,153583.94,2257
2018-06-04 00:00:00+00:00,101641.65,2169
2018-06-05 00:00:00+00:00,138150.24,2364
2018-06-06 00:00:00+00:00,440032.43,2465
2018-06-07 00:00:00+00:00,177424.74,2463
2018-06-08 00:00:00+00:00,224984.19,2525
2018-06-09 00:00:00+00:00,157233.44,2825
2018-06-10 00:00:00+00:00,131415.86,2645
2018-06-11 00:00:00+00:00,177180.63,2481
2018-06-12 00:00:00+00:00,194058.63,2626
2018-06-13 00:00:00+00:00,127065.74,2580
2018-06-14 00:00:00+00:00,153436.12,2637
2018-06-15 00:00:00+00:00,344405.61,2662
2018-06-16 00:00:00+00:00,144398.22,2925
2018-06-17 00:00:00+00:00,112098.79,2879
2018-06-18 00:00:00+00:00,113364.08,2640
2018-06-19 00:00:00+00:00,140639.59,2724
2018-06-20 00:00:00+00:00,240997.82,2655
2018-06-21 00:00:00+00:00,169300.57,2507
2018-06-22 00:00:00+00:00,199954.88999999998,2809
2018-06-23 00:00:00+00:00,163055.55,2843
2018-06-24 00:00:00+00:00,135199.33,2850
2018-06-25 00:00:00+00:00,109242.59,2553
2018-06-26 00:00:00+00:00,141403.29,2705
2018-06-27 00:00:00+00:00,167821.31,2609
2018-06-28 00:00:00+00:00,205918.18,2837
2018-06-29 00:00:00+00:00,321488.72,2893
2018-06-30 00:00:00+00:00,220353.58,3110
2018-07-01 00:00:00+00:00,127157.51,2667
2018-07-02 00:00:00+00:00,130971.67,2567
2018-07-03 00:00:00+00:00,230113.41,2942
2018-07-04 00:00:00+00:00,237314.49,3072
2018-07-05 00:00:00+00:00,211164.45,2944
2018-07-06 00:00:00+00:00,235311.53,3190
2018-07-07 00:00:00+00:00,181811.13999999998,3429
2018-07-08 00:00:00+00:00,135407.49,3331
2018-07-09 00:00:00+00:00,126049.68,2849
2018-07-10 00:00:00+00:00,208378.7,3082
2018-07-11 00:00:00+00:00,214669.63999999998,3286
2018-07-12 00:00:00+00:00,198748.46,3247
2018-07-13 00:00:00+00:00,278535.98,3450
2018-07-14 00:00:00+00:00,293458.52,3376
2018-07-15 00:00:00+00:00,170777.57,3224
2018-07-16 00:00:00+00:00,154096.82,3139
2018-07-17 00:00:00+00:00,240213.96,3329
2018-07-18 00:00:00+00:00,238759.18,3482
2018-07-19 00:00:00+00:00,246211.91,3431
2018-07-20 00:00:00+00:00,197162.16,3499
2018-07-21 00:00:00+00:00,298056.64,3799
2018-07-22 00:00:00+00:00,205633.49,3496
2018-07-23 00:00:00+00:00,148989.29,3131
2018-07-24 00:00:00+00:00,225819.09,3333
2018-07-25 00:00:00+00:00,237952.09,3457
2018-07-26 00:00:00+00:00,349517.48,3727
2018-07-27 00:00:00+00:00,260490.3,3978
2018-07-28 00:00:00+00:00,315734.64,4188
2018-07-29 00:00:00+00:00,170604.42,3841
2018-07-30 00:00:00+00:00,150725.8,3279
2018-07-31 00:00:00+00:00,301062.66,3734
2018-08-01 00:00:00+00:00,265217.76,3917
2018-08-02 00:00:00+00:00,475129.1,3845
2018-08-03 00:00:00+00:00,291274.22,3955
2018-08-04 00:00:00+00:00,287293.84,4177
2018-08-05 00:00:00+00:00,288980.7,3931
2018-08-06 00:00:00+00:00,160583.58,3458
2018-08-07 00:00:00+00:00,225751.12,3962
2018-08-08 00:00:00+00:00,300210.03,3971
2018-08-09 00:00:00+00:00,490420.75,4087
2018-08-10 00:00:00+00:00,263254.05,4049
2018-08-11 00:00:00+00:00,286237.14,4187
2018-08-12 00:00:00+00:00,276419.36,4046
2018-08-13 00:00:00+00:00,174955.34,3749
2018-08-14 00:00:00+00:00,290054.43,4159
2018-08-15 00:00:00+00:00,334596.63,4165
2018-08-16 00:00:00+00:00,376197.29,4132
2018-08-17 00:00:00+00:00,351307.38,4424
2018-08-18 00:00:00+00:00,352596.91,4434
2018-08-19 00:00:00+00:00,192553.5,4353
2018-08-20 00:00:00+00:00,155619.79,3671
2018-08-21 00:00:00+00:00,296390.17,4298
2018-08-22 00:00:00+00:00,303428.24,4468
2018-08-23 00:00:00+00:00,308797.74,4514
2018-08-24 00:00:00+00:00,348533.73,4552
2018-08-25 00:00:00+00:00,346536.06,5718
2018-08-26 00:00:00+00:00,212381.44,5199
2018-08-27 00:00:00+00:00,163652.02,4186
2018-08-28 00:00:00+00:00,233180.36,4455
2018-08-29 00:00:00+00:00,332572.0,4576
2018-08-30 00:00:00+00:00,471408.39,4606
2018-08-31 00:00:00+00:00,350658.73,4736
2018-09-01 00:00:00+00:00,429485.56,5364
2018-09-02 00:00:00+00:00,293527.18,4915
2018-09-03 00:00:00+00:00,220103.57,4567
2018-09-04 00:00:00+00:00,274136.48,4755
2018-09-05 00:00:00+00:00,293205.87,4991
2018-09-06 00:00:00+00:00,275593.72000000003,4817
2018-09-07 00:00:00+00:00,258480.95,5033
2018-09-08 00:00:00+00:00,284551.95,5750
2018-09-09 00:00:00+00:00,220006.79,5365
2018-09-10 00:00:00+00:00,226077.89,4594
2018-09-11 00:00:00+00:00,339942.45,4906
2018-09-12 00:00:00+00:00,274580.44,4766
2018-09-13 00:00:00+00:00,312812.09,4718
2018-09-14 00:00:00+00:00,242617.28,4971
2018-09-15 00:00:00+00:00,274314.21,5497
2018-09-16 00:00:00+00:00,239073.77,5315
2018-09-17 00:00:00+00:00,201698.11,4675
2018-09-18 00:00:00+00:00,324405.46,5145
2018-09-19 00:00:00+00:00,335871.85,4910
2018-09-20 00:00:00+00:00,230280.39,4835
2018-09-21 00:00:00+00:00,285545.75,5164
2018-09-22 00:00:00+00:00,324145.57,5587
2018-09-23 00:00:00+00:00,218435.35,5274
2018-09-24 00:00:00+00:00,245617.48,4651
2018-09-25 00:00:00+00:00,311620.89,4855
2018-09-26 00:00:00+00:00,360110.92,5126
2018-09-27 00:00:00+00:00,426094.41,5158
2018-09-28 00:00:00+00:00,371024.38,5692
2018-09-29 00:00:00+00:00,412289.48,6259
2018-09-30 00:00:00+00:00,289673.74,5694
2018-10-01 00:00:00+00:00,261345.73,5182
2018-10-02 00:00:00+00:00,365711.02,5444
2018-10-03 00:00:00+00:00,373230.87,5329
2018-10-04 00:00:00+00:00,329343.6,5482
2018-10-05 00:00:00+00:00,356268.85,5426
2018-10-06 00:00:00+00:00,379530.97,6161
2018-10-07 00:00:00+00:00,236805.44,5705
2018-10-08 00:00:00+00:00,233077.07,4925
2018-10-09 00:00:00+00:00,370673.97,5447
2018-10-10 00:00:00+00:00,294642.99,5306
2018-10-11 00:00:00+00:00,321053.32,5821
2018-10-12 00:00:00+00:00,391684.02,5880
2018-10-13 00:00:00+00:00,312436.4,6173
2018-10-14 00:00:00+00:00,287991.96,5880
2018-10-15 00:00:00+00:00,198122.21,5097
2018-10-16 00:00:00+00:00,432126.56,5645
2018-10-17 00:00:00+00:00,528374.75,5610
2018-10-18 00:00:00+00:00,549084.74,5485
2018-10-19 00:00:00+00:00,317996.36,5919
2018-10-20 00:00:00+00:00,320634.65,6262
2018-10-21 00:00:00+00:00,287184.95,6076
2018-10-22 00:00:00+00:00,198452.88999999998,5172
2018-10-23 00:00:00+00:00,306507.91000000003,5463
2018-10-24 00:00:00+00:00,297640.03,5544
2018-10-25 00:00:00+00:00,298111.66,5415
2018-10-26 00:00:00+00:00,358360.61,6114
2018-10-27 00:00:00+00:00,568230.57,6692
2018-10-28 00:00:00+00:00,470995.65,6593
2018-10-29 00:00:00+00:00,486185.35,5833
2018-10-30 00:00:00+00:00,398315.42,6543
2018-10-31 00:00:00+00:00,516951.1,6581
2018-11-01 00:00:00+00:00,608170.26,6918
2018-11-02 00:00:00+00:00,441636.14,6486
2018-11-03 00:00:00+00:00,473586.47000000003,7073
2018-11-04 00:00:00+00:00,309496.43,7015
2018-11-05 00:00:00+00:00,277341.54,6107
2018-11-06 00:00:00+00:00,397750.27,6359
2018-11-07 00:00:00+00:00,358402.78,6302
2018-11-08 00:00:00+00:00,414362.74,6174
2018-11-09 00:00:00+00:00,402727.31,6567
2018-11-10 00:00:00+00:00,487429.18,7148
2018-11-11 00:00:00+00:00,260897.46,7280
2018-11-12 00:00:00+00:00,250867.37,6436
2018-11-13 00:00:00+00:00,462894.12,6446
2018-11-14 00:00:00+00:00,404726.23,6105
2018-11-15 00:00:00+00:00,1064081.2,6423
2018-11-16 00:00:00+00:00,498787.25,6522
2018-11-17 00:00:00+00:00,357930.25,7010
2018-11-18 00:00:00+00:00,262721.96,6632
2018-11-19 00:00:00+00:00,248673.9,5884
2018-11-20 00:00:00+00:00,299926.8,6123
2018-11-21 00:00:00+00:00,370965.35,6285
2018-11-22 00:00:00+00:00,1092274.52,6341
2018-11-23 00:00:00+00:00,1042280.24,6881
2018-11-24 00:00:00+00:00,526833.79,8399
2018-11-25 00:00:00+00:00,361102.21,7937
2018-11-26 00:00:00+00:00,310425.27,6621
2018-11-27 00:00:00+00:00,382443.53,6592
2018-11-28 00:00:00+00:00,463462.47,6544
2018-11-29 00:00:00+00:00,473261.01,6961
2018-11-30 00:00:00+00:00,597876.4,7299
2018-12-01 00:00:00+00:00,589350.99,8015
2018-12-02 00:00:00+00:00,383903.62,7760
2018-12-03 00:00:00+00:00,296046.34,6825
2018-12-04 00:00:00+00:00,505182.48,7409
2018-12-05 00:00:00+00:00,601636.72,7252
2018-12-06 00:00:00+00:00,464045.94,7611
2018-12-07 00:00:00+00:00,816395.16,7757
2018-12-08 00:00:00+00:00,564015.39,8242
2018-12-09 00:00:00+00:00,412176.91,7848
2018-12-10 00:00:00+00:00,363247.33,6909
2018-12-11 00:00:00+00:00,516152.73,7544
2018-12-12 00:00:00+00:00,788245.35,7222
2018-12-13 00:00:00+00:00,744836.47,7260
2018-12-14 00:00:00+00:00,560619.37,7706
2018-12-15 00:00:00+00:00,449594.39,8216
2018-12-16 00:00:00+00:00,386589.58,7842
2018-12-17 00:00:00+00:00,239419.73,6619
2018-12-18 00:00:00+00:00,480960.13,7234
2018-12-19 00:00:00+00:00,444627.04,7108
2018-12-20 00:00:00+00:00,588544.92,7578
2018-12-21 00:00:00+00:00,744769.69,8250
2018-12-22 00:00:00+00:00,659062.59,8874
2018-12-23 00:00:00+00:00,370889.86,8091
2018-12-24 00:00:00+00:00,348340.74,7265
2018-12-25 00:00:00+00:00,389078.63,6083
2018-12-26 00:00:00+00:00,241294.05,3909
2018-12-27 00:00:00+00:00,296596.25,5064
2018-12-28 00:00:00+00:00,539009.79,7007
2018-12-29 00:00:00+00:00,644279.93,8197
2018-12-30 00:00:00+00:00,366306.9,7886
2018-12-31 00:00:00+00:00,384612.8,7213
2019-01-01 00:00:00+00:00,459151.96,7618
2019-01-02 00:00:00+00:00,369030.2,6032
2019-01-03 00:00:00+00:00,678448.02,7219
2019-01-04 00:00:00+00:00,529347.61,7670
2019-01-05 00:00:00+00:00,771313.0,8140
2019-01-06 00:00:00+00:00,342092.62,7792
2019-01-07 00:00:00+00:00,293691.96,6572
2019-01-08 00:00:00+00:00,457758.24,6949
2019-01-09 00:00:00+00:00,427724.85,7288
2019-01-10 00:00:00+00:00,456398.81,7318
2019-01-11 00:00:00+00:00,493724.16,7663
2019-01-12 00:00:00+00:00,456881.19,8641
2019-01-13 00:00:00+00:00,332160.57,8204
2019-01-14 00:00:00+00:00,333797.41,6792
2019-01-15 00:00:00+00:00,623939.7,7250
2019-01-16 00:00:00+00:00,622858.94,7412
2019-01-17 00:00:00+00:00,704799.62,7480
2019-01-18 00:00:00+00:00,504068.52999999997,8091
2019-01-19 00:00:00+00:00,507233.29,9094
2019-01-20 00:00:00+00:00,337084.15,8566
2019-01-21 00:00:00+00:00,278163.37,6980
2019-01-22 00:00:00+00:00,453924.55,7516
2019-01-23 00:00:00+00:00,644122.71,7946
2019-01-24 00:00:00+00:00,642136.08,7759
2019-01-25 00:00:00+00:00,517275.24,8403
2019-01-26 00:00:00+00:00,713618.86,9730
2019-01-27 00:00:00+00:00,449533.45,9008
2019-01-28 00:00:00+00:00,380507.94,7832
2019-01-29 00:00:00+00:00,571549.58,8322
2019-01-30 00:00:00+00:00,737679.03,8274
2019-01-31 00:00:00+00:00,689341.23,8852
2019-02-01 00:00:00+00:00,822633.96,9393
2019-02-02 00:00:00+00:00,576283.81,10155
2019-02-03 00:00:00+00:00,421660.47,9800
2019-02-04 00:00:00+00:00,356101.58,8584
2019-02-05 00:00:00+00:00,480792.57,8730
2019-02-06 00:00:00+00:00,644386.93,8727
2019-02-07 00:00:00+00:00,801386.43,8733
2019-02-08 00:00:00+00:00,633313.54,9159
2019-02-09 00:00:00+00:00,611043.3,9812
2019-02-10 00:00:00+00:00,408142.52999999997,9878
2019-02-11 00:00:00+00:00,375384.52,8628
2019-02-12 00:00:00+00:00,767048.73,8825
2019-02-13 00:00:00+00:00,566247.35,8883
2019-02-14 00:00:00+00:00,532334.23,9374
2019-02-15 00:00:00+00:00,565034.93,9868
2019-02-16 00:00:00+00:00,588614.26,10355
2019-02-17 00:00:00+00:00,344553.52,9762
2019-02-18 00:00:00+00:00,319372.55,8673
2019-02-19 00:00:00+00:00,484019.02,9055
2019-02-20 00:00:00+00:00,543402.57,8886
2019-02-21 00:00:00+00:00,497181.5,8821
2019-02-22 00:00:00+00:00,496692.66,9083
2019-02-23 00:00:00+00:00,554607.06,10379
2019-02-24 00:00:00+00:00,391180.51,9744
2019-02-25 00:00:00+00:00,351550.29,8704
2019-02-26 00:00:00+00:00,592242.06,9269
2019-02-27 00:00:00+00:00,753260.9,9687
2019-02-28 00:00:00+00:00,751148.89,9618
2019-03-01 00:00:00+00:00,913482.27,10194
2019-03-02 00:00:00+00:00,962336.57,11232
2019-03-03 00:00:00+00:00,588659.28,10785
2019-03-04 00:00:00+00:00,404752.24,8969
2019-03-05 00:00:00+00:00,546603.0,9065
2019-03-06 00:00:00+00:00,741459.03,9337
2019-03-07 00:00:00+00:00,585778.96,9133
2019-03-08 00:00:00+00:00,602817.1,9751
2019-03-09 00:00:00+00:00,648721.51,10583
2019-03-10 00:00:00+00:00,415269.85,10499
2019-03-11 00:00:00+00:00,417154.76,8901
2019-03-12 00:00:00+00:00,516343.99,9065
2019-03-13 00:00:00+00:00,634155.6,8916
2019-03-14 00:00:00+00:00,551399.64,9210
2019-03-15 00:00:00+00:00,610928.92,9508
2019-03-16 00:00:00+00:00,584580.11,10558
2019-03-17 00:00:00+00:00,442459.06,10129
2019-03-18 00:00:00+00:00,337776.73,8861
2019-03-19 00:00:00+00:00,578765.88,9009
2019-03-20 00:00:00+00:00,700961.75,9040
2019-03-21 00:00:00+00:00,576025.51,8996
2019-03-22 00:00:00+00:00,560359.68,9457
2019-03-23 00:00:00+00:00,695873.38,10562
2019-03-24 00:00:00+00:00,409170.13,10205
2019-03-25 00:00:00+00:00,407697.7,8691
2019-03-26 00:00:00+00:00,645703.91,9106
2019-03-27 00:00:00+00:00,1064534.96,9337
2019-03-28 00:00:00+00:00,637448.56,9387
2019-03-29 00:00:00+00:00,844380.06,9959
2019-03-30 00:00:00+00:00,856637.17,11067
2019-03-31 00:00:00+00:00,506551.48,10584
2019-04-01 00:00:00+00:00,387405.17,9428
2019-04-02 00:00:00+00:00,721315.85,9631
2019-04-03 00:00:00+00:00,914979.48,9371
2019-04-04 00:00:00+00:00,721102.68,9708
2019-04-05 00:00:00+00:00,679750.22,10123
2019-04-06 00:00:00+00:00,561581.11,10963
2019-04-07 00:00:00+00:00,411845.9,10280
2019-04-08 00:00:00+00:00,454396.85000000003,8700
2019-04-09 00:00:00+00:00,479673.96,9447
2019-04-10 00:00:00+00:00,526777.97,9425
2019-04-11 00:00:00+00:00,490850.99,9822
2019-04-12 00:00:00+00:00,601004.3099999999,10303
2019-04-13 00:00:00+00:00,497891.88,10406
2019-04-14 00:00:00+00:00,399056.22,10212
2019-04-15 00:00:00+00:00,344805.15,8978
2019-04-16 00:00:00+00:00,436894.76,8968
2019-04-17 00:00:00+00:00,517394.35,9504
2019-04-18 00:00:00+00:00,619229.02,9634
2019-04-19 00:00:00+00:00,630284.01,10274
2019-04-20 00:00:00+00:00,490706.62,10637
2019-04-21 00:00:00+00:00,407837.63,10137
2019-04-22 00:00:00+00:00,285094.52,8146
2019-04-23 00:00:00+00:00,432959.61,8553
2019-04-24 00:00:00+00:00,582747.93,9468
2019-04-25 00:00:00+00:00,666931.42,9676
2019-04-26 00:00:00+00:00,829789.6900000001,10342
2019-04-27 00:00:00+00:00,701760.21,11106
2019-04-28 00:00:00+00:00,457805.92,10010
2019-04-29 00:00:00+00:00,380330.54,8740
2019-04-30 00:00:00+00:00,600253.23,9550
2019-05-01 00:00:00+00:00,838311.95,10587
2019-05-02 00:00:00+00:00,640439.15,10028
2019-05-03 00:00:00+00:00,836654.22,10879
2019-05-04 00:00:00+00:00,733657.61,11487
2019-05-05 00:00:00+00:00,510436.43,10842
2019-05-06 00:00:00+00:00,347696.23,9388
2019-05-07 00:00:00+00:00,548343.9,8745
2019-05-08 00:00:00+00:00,192775.19,3455
2019-05-09 00:00:00+00:00,359259.64,6416
2019-05-10 00:00:00+00:00,413510.64,6011
2019-05-11 00:00:00+00:00,293041.5,3670
2019-05-12 00:00:00+00:00,131097.33,781
2019-05-13 00:00:00+00:00,9518.67,93
2019-05-14 00:00:00+00:00,1636.73,31
2019-05-15 00:00:00+00:00,152.21,6
